title,author,length
Freaky Ways,Amanda M. Lee,Duración: 8 h y 43 m
Broken,Sadie Kincaid,Duración: 10 h y 6 m
The Secret Hook-Up,Pippa Grant,Duración: 7 h y 56 m
Mark of the Fool 6,J.M. Clarke,Duración: 23 h y 3 m
Quicksilver,Callie Hart,Duración: 21 h y 51 m
A Lady of Conscience,Mimi Matthews,Duración: 5 h
Amethysts & Alchemy,Rachel Rener,Duración: 9 h y 29 m
The Dragon's Prophecy,Jonathan Cahn,Duración: Aún no se conoce
Task Force Hammer,Craig Alanson,Duración: 21 h y 40 m
Martial TransFusion,Jonathan Brooks,Duración: 20 h y 3 m
Start Menu: New Game,Kos Play,Duración: 20 h y 19 m
Mage Assassins & Other Misfits,"Annette Marie,Rob Jacobsen",Duración: 7 h y 40 m
Penric and the Bandit,Lois McMaster Bujold,Duración: 4 h y 4 m
Never Have I Ever,S.L. Scott,Duración: 9 h y 56 m
Rogue Strike,Jack Mars,Duración: 8 h y 3 m
A Many-Threaded Tapestry,Olan Thorensen,Duración: 24 h y 11 m
Cher,Cher,Duración: 12 h
A Little Jaded,Kelsie Rae,Duración: 12 h y 58 m
The Trouble with Love,Christina C Jones,Duración: 7 h y 8 m
Nosferatu Academy Omnibus,Virgil Knightley,Duración: 35 h y 30 m
Space Hunter War: The Complete Series,"Rick Partlow,Pacey Holden",Duración: 53 h y 7 m
House of Sky and Breath (Part 2 of 2) (Dramatized Adaptation),Sarah J. Maas,Duración: 12 h
Our Little Secret,Q.B. Tyler,Duración: 9 h y 44 m
Resistance,Sean Oswald,Duración: 16 h y 40 m
A Vampire Called Leander,Michelle Frost,Duración: 1 h y 42 m
The Kept Girls,Elle Gray,Duración: 7 h y 28 m
Drumindor,Michael J. Sullivan,Duración: 12 h y 45 m
The Immortal's Guide to Supervillainy Omnibus Edition,M.E. Thorne,Duración: 37 h y 48 m
From The Wizarding Archive,"J.K. Rowling,Evanna Lynch - foreword",Duración: Aún no se conoce
Dig Two Graves,Craig Schaefer,Duración: 10 h y 1 m
Practical Adept,Terry Mancour,Duración: 32 h y 57 m
Imminent,Luis Elizondo,Duración: 10 h
Dungeon Life 3: An Isekai LitRPG,Khenal,Duración: 20 h y 41 m
Possessive Park Avenue Prince,"Brooke Blaine,Ella Frank",Duración: 8 h y 56 m
"Super Strikers: Ronaldo, Messi, Neymar, Mbappe, Haaland",Zach Rosenthal,Duración: 3 h y 14 m
Baskets and Beignets,Jana DeLeon,Duración: 9 h y 39 m
Taming of the Brew,Lily Harper Hart,Duración: 7 h y 3 m
Forgotten Girls,D.K. Hood,Duración: 8 h y 46 m
Catch a Kiwi,Rosalind James,Duración: 15 h y 47 m
The Shadow Rising,Robert Jordan,Duración: 40 h y 31 m
Shameless,Brian Tyler Cohen,Duración: 4 h y 38 m
"It's Not You, It's Your Energy",Danielle Ingenito,Duración: 3 h y 17 m
The Bookstore Wedding,Alice Hoffman,Duración: 1 h y 11 m
Till Death Do Us Part,Aleatha Romig,Duración: 8 h y 51 m
Cosmic Progeny 3,A.V. Ray,Duración: 11 h y 32 m
Access Super Consciousness,RJ Spina,Duración: 7 h y 45 m
Nameless Sovereign,Nameless Author,Duración: 21 h y 26 m
Protocols,Andrew D. Huberman Ph.D.,Duración: 10 h
The Art of Power,Nancy Pelosi,Duración: 10 h y 45 m
Never Never,"Colleen Hoover,Tarryn Fisher",Duración: 9 h y 48 m
Double Blast,Gretchen Archer,Duración: 10 h y 8 m
Cold Calling Sucks (and That's Why It Works),"Armand Farrokh,Nick Cegelski",Duración: 4 h y 9 m
Embers in the Snow,Anna Carven,Duración: 15 h y 1 m
Anchored in Resilience,Amaury Ponciano,Duración: 5 h y 10 m
The Empress of Beasts,pirateaba,Duración: 30 h y 29 m
Never,Jessa Hastings,Duración: 12 h y 13 m
Prepper: Book 5,Tom Abrahams,Duración: 8 h y 2 m
Darling of Fate 2,Sean Dunning,Duración: 15 h y 17 m
Assassin,Alexander Olson,Duración: 16 h y 23 m
Close Quarter,Anna Zabo,Duración: 8 h y 1 m
Onyx Storm,Rebecca Yarros,Duración: 14 h y 15 m
The Gentleman,Dianna Roman,Duración: 10 h y 32 m
The Primal Hunter 9: A LitRPG Adventure,Zogarth,Duración: 20 h y 23 m
"MeatEater's Campfire Stories: Discoveries, Revelations & Near Misses","Steven Rinella,Clay Newcomb,Brent Reaves,Buck Bowden,John Hayes,Mike Kunz,Bob Service,Chris Williams,Jeff Jones,Jim Swenson,Mike Carey,Chad Martin,Chad Johnston,Ryan Murray",Duración: 5 h y 5 m
"Catherine, the Princess of Wales",Robert Jobson,Duración: 8 h y 53 m
Will Leave the Galaxy for Good,Yahtzee Croshaw,Duración: 9 h y 50 m
"Heretical Fishing 3: A Cozy Guide to Annoying the Cults, Outsmarting the Fish, and Alienating Oneself",Haylock Jobson,Duración: 17 h y 46 m
Last Day of the Immortal,Kirill Klevanski,Duración: 16 h y 6 m
"Raiders, Rulers, and Traders",David Chaffetz,Duración: 13 h y 56 m
Hell Divers XII: Heroes,Nicholas Sansbury Smith,Duración: 13 h y 17 m
Nothing Is Wasted,Davey Blackburn,Duración: 10 h y 13 m
Sunrise on the Reaping,Suzanne Collins,Duración: Aún no se conoce
Wind and Truth,Brandon Sanderson,Duración: 55 h
The Tenth Muse,A. F. Kay,Duración: 12 h y 5 m
Row the Boat,"Jon Gordon,P. J. Fleck",Duración: 2 h y 18 m
Bloody Cruel Monster,Lucy Smoke,Duración: 14 h y 44 m
Rebel,"Richard Fox,David Weber",Duración: 19 h y 14 m
Firestorm,"Susan May Warren,Lisa Phillips",Duración: 4 h y 40 m
Day Trading for Beginners,A.Z Penn,Duración: 6 h y 19 m
Paved in Venom,Sonja Grey,Duración: 10 h y 33 m
We Who Wrestle with God,Jordan B. Peterson,Duración: 13 h
The Undead: Part 22,R.R. Haywood,Duración: 5 h y 27 m
Guardians of the West,David Eddings,Duración: 13 h y 55 m
Mr. Churchill in the White House,Robert Schmuhl,Duración: 13 h y 46 m
Beware of Chicken 4: A Xianxia Cultivation Novel,Casualfarmer,Duración: 30 h y 8 m
The Hedge Wizard 4,Alex Maher,Duración: 28 h y 11 m
Play Along,Liz Tomforde,Duración: 12 h y 32 m
Into the Uncertain,"James Rosone,Miranda Watson",Duración: 13 h y 42 m
Get In!,Mark Goldbridge,Duración: 7 h y 28 m
Tom Clancy Defense Protocol,"Brian Andrews,Jeffrey Wilson",Duración: 15 h
Scythe & Sparrow,Brynne Weaver,Duración: Aún no se conoce
Revenge for Now,Bob Howard,Duración: 13 h
Mercer,Grey Huffington,Duración: 9 h y 36 m
Love Me or Leave Me Alone,K.C. Mills,Duración: 16 h y 33 m
Collapse,Sean Oswald,Duración: 12 h y 51 m
Bloody Cruel Psycho,Lucy Smoke,Duración: 12 h y 6 m
The Wicked Aftermath: Tank Wicked,Melissa Foster,Duración: 9 h y 48 m
Setting Boundaries Made Simple,Charmaine Glass Davis,Duración: 4 h y 5 m
A Post-Truth World,Ken Wilber,Duración: 6 h y 38 m
Zeus: Water Rescue,W. Bruce Cameron,Duración: 5 h y 54 m
"College Girl, Missing",Shawn Cohen,Duración: 4 h y 57 m
The Nurse's Lie,Daniel Hurst,Duración: 7 h y 58 m
The Movement,Clara Bingham,Duración: 17 h y 19 m
Frames of Mind,Howard E. Gardner,Duración: 19 h y 30 m
Savage Awakening 2,Adastra339,Duración: 21 h y 52 m
Voracious,James T. Callum,Duración: 16 h y 34 m
Get Your Life Back,Dr. Ron Daulton Jr.,Duración: 3 h y 24 m
By Any Other Name,Jodi Picoult,Duración: 15 h
Targeted: Beirut,"Jack Carr,James M. Scott",Duración: 13 h
A Dawn with the Wolf Knight,Elise Kova,Duración: 14 h y 22 m
The Eldritch Artisan,Aaron Renfroe,Duración: 14 h y 40 m
Gathering Mist,Margaret Mizushima,Duración: 8 h y 20 m
The Definition of Beautiful,Charlotte Bellows,Duración: 4 h y 54 m
Master Class 4,"Virgil Knightley,Annabelle Hawthorne",Duración: 11 h y 12 m
Take Her,Cassie Alexander,Duración: 9 h y 56 m
Nexus,Yuval Noah Harari,Duración: 17 h y 28 m
Born of Blood and Ash,Jennifer L. Armentrout,Duración: 37 h y 1 m
Renewal After Dark,Marie Force,Duración: 10 h y 52 m
The Caretaker,C.P. Harris,Duración: 8 h y 17 m
The Mercy of Gods,James S.A. Corey,Duración: 14 h y 54 m
What Have You Done?,Shari Lapena,Duración: 8 h y 49 m
Adulting Made Simple: From Basics to Beyond,K.A. Brooks,Duración: 4 h y 6 m
Slow Dance,Rainbow Rowell,Duración: 11 h y 31 m
Fall with Me,Becka Mack,Duración: 15 h y 45 m
Back in the Saddle,Kristen Ashley,Duración: Aún no se conoce
Meant for Love,Natasha Madison,Duración: 8 h y 19 m
The Butcher Game,Alaina Urquhart,Duración: Aún no se conoce
All in the Family,Fred C. Trump III,Duración: 10 h y 18 m
"The Marriage Auction 2, Book Four",Audrey Carlan,Duración: 9 h y 55 m
Tom Clancy Shadow State,M.P. Woodward,Duración: 10 h y 57 m
In Too Deep,"Lee Child,Andrew Child",Duración: 10 h
The Haar,David Sodergren,Duración: 6 h y 56 m
All the Skills 4: A Deck-Building LitRPG,Honour Rae,Duración: 14 h y 26 m
Sanctuary,Ilona Andrews,Duración: 4 h y 27 m
El Sutil arte de que te importe un caraj* [The Subtle Art of Not Giving a F*ck],Mark Manson,Duración: 6 h y 7 m
To Die For,David Baldacci,Duración: 12 h
The Mirror,Nora Roberts,Duración: 14 h y 24 m
The Songbird and the Heart of Stone,Carissa Broadbent,Duración: 15 h y 33 m
Clean Finish,Lily Mayne,Duración: 13 h y 35 m
Saturation Point,Adrian Tchaikovsky,Duración: 4 h y 44 m
Friends with Secrets,Christine Gunderson,Duración: 12 h y 19 m
Kulti,Mariana Zapata,Duración: 17 h y 18 m
"My Secret Portal to a Fantasy World, Book 3",D. Levesque,Duración: 10 h y 4 m
On the Edge,Nate Silver,Duración: 15 h y 5 m
Confronting the Presidents,"Bill O'Reilly,Martin Dugard",Duración: 16 h y 26 m
So This Is War,Meghan Quinn,Duración: 13 h y 45 m
Centurion,Kris Michaels,Duración: 6 h y 33 m
Lelith Hesperax: Queen of Knives,Mike Brooks,Duración: 5 h y 59 m
The Grey Wolf,Louise Penny,Duración: 12 h y 51 m
Love After Midnight,Sister Souljah,Duración: 13 h
Impact Winter Season 3,Travis Beacham,Duración: 7 h y 33 m
Pick One,May Archer,Duración: 2 h y 54 m
Grizzly Killer,Lane R Warenski,Duración: 7 h y 52 m
Angel of Vengeance,"Douglas Preston,Lincoln Child",Duración: 10 h y 55 m
Loud,Drew Afualo,Duración: 6 h y 33 m
The Waiting,Michael Connelly,Duración: 12 h
The Atma Male: An Ancient Model of Success in a Postmodern World,Christopher Stubbs,Duración: 2 h y 40 m
"So I'm a Spider, So What?, Vol. 10","Okina Baba,Jenny McKeon - translator",Duración: 7 h y 43 m
Capture or Kill,"Vince Flynn,Don Bentley",Duración: 12 h
Mr Nice Guy,Isla Olsen,Duración: 8 h y 11 m
Saintess Summons Skeletons 2,Mornn,Duración: 22 h y 53 m
Enemy Within,Devon C. Ford,Duración: 10 h y 15 m
Murder at the White Palace,Allison Montclair,Duración: 10 h y 22 m
Lost Code,Matt Coleman,Duración: 14 h y 25 m
Challenger,Seth Ring,Duración: 14 h
Tongue-Tied,Christina Lee,Duración: 6 h y 35 m
This Is Why We Lied,Karin Slaughter,Duración: 18 h y 6 m
Speaker of Tongues,Chris Tullbane,Duración: 28 h y 40 m
The History of the Ancient World,Susan Wise Bauer,Duración: 26 h y 20 m
Passions in Death: An Eve Dallas Novel,J. D. Robb,Duración: 13 h y 54 m
Frisco,Tijan,Duración: 11 h y 36 m
Doorways in the Sand,Roger Zelazny,Duración: 7 h y 44 m
Magic Rises (Dramatized Adaptation),Ilona Andrews,Duración: 11 h
Iron Flame (Part 2 of 2) (Dramatized Adaptation),Rebecca Yarros,Duración: 9 h y 27 m
The Dressmaker on Amelia Island,Hope Holloway,Duración: 9 h y 8 m
One Eighty,Charity Shane,Duración: 10 h y 52 m
Bad Influence: A Psychological Thriller,Brandon Massey,Duración: 7 h y 24 m
The Lumberjack,Susan Stoker,Duración: 10 h y 10 m
Crown of Midnight,Sarah J. Maas,Duración: 12 h y 43 m
Something Borrowed,Lily Morton,Duración: 8 h y 18 m
A Clash of Kings,George R.R. Martin,Duración: 37 h y 12 m
A Storm of Swords,George R.R. Martin,Duración: 47 h y 34 m
It Begins with You,Jillian Turecki,Duración: 12 h
The Chronicles of Narnia Complete Audio Collection,C. S. Lewis,Duración: 33 h y 45 m
El corazón de las gardenias,Melissa Mochulske,Duración: 9 h y 45 m
Sons of Fenris,Lee Lightner,Duración: 10 h y 52 m
Look In the Mirror,Catherine Steadman,Duración: 8 h y 12 m
The Future Was Now,Chris Nashawaty,Duración: 9 h y 4 m
Fire & Blood (HBO Tie-in Edition),George R. R. Martin,Duración: 26 h y 24 m
Thy Kingdom Come,Tony Evans,Duración: 6 h y 25 m
"Unlock Abundance, Attract Wealth, and Live Prosperously",Lillian Lockhart,Duración: 1 h y 22 m
The Briar Club,Kate Quinn,Duración: 15 h y 3 m
The Wedding People,Alison Espach,Duración: 11 h y 37 m
The Shadow of Dread,T.C. Edge,Duración: 40 h y 46 m
Somewhere Beyond the Sea,TJ Klune,Duración: 15 h y 48 m
The Last Mrs. Parrish,Liv Constantine,Duración: 12 h
Under Your Scars,Ariel N. Anderson,Duración: 19 h y 2 m
We Solve Murders,Richard Osman,Duración: 14 h
The Psychology of Money,Morgan Housel,Duración: 5 h y 55 m
He Who Fights with Monsters 11: A LitRPG Adventure,"Shirtaloon,Travis Deverell",Duración: 26 h y 19 m
Eruption,"Michael Crichton,James Patterson",Duración: 10 h y 32 m
The Witches of Scotland: The Dream Dancers: Akashic Chronicles,Steven P Aitchison,Duración: 4 h y 7 m
"2 Lies, 2 Thrones",Eric Ugland,Duración: 9 h y 13 m
Dune Messiah,Frank Herbert,Duración: 8 h y 57 m
Land of Ashes,Stacey Marie Brown,Duración: 10 h y 44 m
Five Brothers,Penelope Douglas,Duración: 15 h y 58 m
Alien: Uncivil War,Brendan Deneen,Duración: 10 h y 17 m
Dino Tribes 2,Marcus Sloss,Duración: 10 h y 2 m
The Big Empty,Robert Crais,Duración: 15 h
The Well of Ascension,Brandon Sanderson,Duración: 28 h y 56 m
Hodeskalle (Spanish Edition),Ann Rodd,Duración: 19 h y 52 m
The Pucking Wrong Man,C.R. Jane,Duración: 10 h
The Laws of Human Nature,Robert Greene,Duración: 28 h y 26 m
The Body Keeps the Score,Bessel A. van der Kolk,Duración: 16 h y 15 m
The Undead,Rachel Caine,Duración: 13 h y 26 m
Becoming Supernatural,Joe Dispenza,Duración: 14 h y 6 m
I Haven’t Been Entirely Honest with You,Miranda Hart,Duración: Aún no se conoce
All the Colors of the Dark,Chris Whitaker,Duración: 14 h y 37 m
Sarai,Jill Eileen Smith,Duración: 9 h y 44 m
Drop Dead,Lily Chu,Duración: 11 h y 25 m
Skaventide,Gary Kloster,Duración: 15 h y 1 m
The Witch of Webs,pirateaba,Duración: 45 h y 53 m
Did Everyone Have an Imaginary Friend (or Just Me)?,Jay Ellis,Duración: 7 h y 25 m
Queen of the Damned,Kel Carpenter,Duración: 24 h y 6 m
Prince of Poison,Alice Winters,Duración: 9 h y 49 m
Creation Lake,Rachel Kushner,Duración: 11 h y 10 m
Shepherds for Sale,Megan Basham,Duración: 11 h y 22 m
The Road to Wigan Pier,George Orwell,Duración: 6 h y 34 m
The Midnight Feast,Lucy Foley,Duración: 10 h y 20 m
Harmony,Alan Moria,Duración: 14 h y 37 m
The Teacher,Freida McFadden,Duración: 9 h y 35 m
"Harry Potter and the Sorcerer's Stone, Book 1",J.K. Rowling,Duración: 8 h y 18 m
"Harry Potter and the Chamber of Secrets, Book 2",J.K. Rowling,Duración: 9 h y 2 m
Federation Chronicles,Ken Lozito,Duración: 34 h y 15 m
The Next Mrs. Parrish,Liv Constantine,Duración: 10 h y 51 m
Keep Giving Me Love,BriAnn Danae,Duración: 5 h y 27 m
Unreasonable Hospitality,Will Guidara,Duración: 8 h y 37 m
Such Charming Liars,Karen M. McManus,Duración: 11 h y 29 m
The Dungeon Anarchist's Cookbook,Matt Dinniman,Duración: 16 h y 54 m
Queen of Shadows,Sarah J. Maas,Duración: 20 h y 43 m
House of Sky and Breath,Sarah J. Maas,Duración: 27 h y 42 m
Rhythm of War,Brandon Sanderson,Duración: 57 h y 26 m
Memories of the Lost,Barbara O'Neal,Duración: 8 h y 2 m
Roar of the Storm King,Alessa Thorn,Duración: 5 h y 43 m
Game of Castles Omnibus: Books 1-3,Marcus Sloss,Duración: 46 h y 27 m
Rapid Weight Loss Hypnosis for Women: 2 in 1 Bundle,Alisha Kapani,Duración: 16 h y 6 m
"Harry Potter and the Prisoner of Azkaban, Book 3",J.K. Rowling,Duración: 11 h y 49 m
The Hero of Ages,Brandon Sanderson,Duración: 27 h y 25 m
The Final Empire,Brandon Sanderson,Duración: 24 h y 39 m
Radley's Christmas for Horny Monsters,Annabelle Hawthorne,Duración: 25 h y 44 m
Haunting Adeline,H. D. Carlton,Duración: 15 h y 49 m
House of Earth and Blood,Sarah J. Maas,Duración: 27 h y 50 m
The X-Files: Perihelion,Claudia Gray,Duración: 9 h y 31 m
Secrets and Strife: An Isekai LitRPG,SourpatchHero,Duración: 16 h y 53 m
Red Dead's History,Tore C. Olsson,Duración: 10 h y 28 m
Words of Radiance,Brandon Sanderson,Duración: 48 h y 13 m
Master of Puppets,Eric Ugland,Duración: 13 h y 15 m
US Citizenship Test Study Guide,James Goldsmith,Duración: 5 h y 34 m
Heir of Fire,Sarah J. Maas,Duración: 17 h y 56 m
"Harry Potter and the Order of the Phoenix, Book 5",J.K. Rowling,Duración: 26 h y 28 m
It Starts with Us,Colleen Hoover,Duración: 8 h y 41 m
Outlive,"Peter Attia MD,Bill Gifford - contributor",Duración: 17 h y 7 m
Dungeon Core Guardians Omnibus: Books 1-3,"Jack Spry,Marcus Sloss",Duración: 36 h y 42 m
"Harry Potter and the Deathly Hallows, Book 7",J.K. Rowling,Duración: 21 h y 36 m
The Woman in Me,Britney Spears,Duración: 5 h y 31 m
Deeper than the Dead,Debra Webb,Duración: 13 h y 12 m
Discovered,M. Sinclair,Duración: 6 h y 37 m
Empire of Storms,Sarah J. Maas,Duración: 25 h y 18 m
You Like It Darker,Stephen King,Duración: 20 h y 21 m
A Game of Thrones,George R.R. Martin,Duración: 33 h y 46 m
Kingdom of Ash,Sarah J. Maas,Duración: 33 h y 11 m
The Housemaid Is Watching,Freida McFadden,Duración: 11 h y 42 m
The God of the Woods,Liz Moore,Duración: 14 h y 35 m
On Call,Anthony Fauci M.D.,Duración: 19 h y 12 m
Throne of Glass,Sarah J. Maas,Duración: 13 h y 3 m
Skaventide,Gary Kloster,Duración: 15 h y 1 m
The Talented Daughters of Longbourn,Laraba Kendig,Duración: 11 h y 8 m
The Witch of Webs,pirateaba,Duración: 45 h y 53 m
A Lesbian's Guide to Women,Erica Lee,Duración: 7 h y 40 m
Did Everyone Have an Imaginary Friend (or Just Me)?,Jay Ellis,Duración: 7 h y 25 m
Queen of the Damned,Kel Carpenter,Duración: 24 h y 6 m
Prince of Poison,Alice Winters,Duración: 9 h y 49 m
Creation Lake,Rachel Kushner,Duración: 11 h y 10 m
Shepherds for Sale,Megan Basham,Duración: 11 h y 22 m
The Road to Wigan Pier,George Orwell,Duración: 6 h y 34 m
The Midnight Feast,Lucy Foley,Duración: 10 h y 20 m
Harmony,Alan Moria,Duración: 14 h y 37 m
The Teacher,Freida McFadden,Duración: 9 h y 35 m
"Harry Potter and the Sorcerer's Stone, Book 1",J.K. Rowling,Duración: 8 h y 18 m
Hercule Poirot: The Complete Short Stories,Agatha Christie,Duración: 35 h y 5 m
"Harry Potter and the Chamber of Secrets, Book 2",J.K. Rowling,Duración: 9 h y 2 m
Federation Chronicles,Ken Lozito,Duración: 34 h y 15 m
The Next Mrs. Parrish,Liv Constantine,Duración: 10 h y 51 m
A Court of Silver Flames,Sarah J. Maas,Duración: 26 h y 5 m
Keep Giving Me Love,BriAnn Danae,Duración: 5 h y 27 m
Unreasonable Hospitality,Will Guidara,Duración: 8 h y 37 m
Lightning Strike,"J.N. Chaney,Terry Mixon",Duración: 8 h y 31 m
Such Charming Liars,Karen M. McManus,Duración: 11 h y 29 m
The Dungeon Anarchist's Cookbook,Matt Dinniman,Duración: 16 h y 54 m
Tower of Dawn,Sarah J. Maas,Duración: 22 h y 39 m
The Mountain Is You,Brianna Wiest,Duración: 5 h y 44 m
Queen of Shadows,Sarah J. Maas,Duración: 20 h y 43 m
Aftermath 1,Bobby Akart,Duración: 7 h y 28 m
Killers of the Flower Moon,David Grann,Duración: 9 h y 4 m
If You Want Me,Helena Hunting,Duración: 13 h y 24 m
"Harry Potter and the Goblet of Fire, Book 4",J.K. Rowling,Duración: 20 h y 36 m
Tress of the Emerald Sea,Brandon Sanderson,Duración: 12 h y 27 m
Siege of Vraks,Steve Lyons,Duración: 9 h y 48 m
Harry Potter and the Philosopher's Stone (Narrated by Stephen Fry),J.K. Rowling,Duración: 8 h y 25 m
The Missed,Sami Shah,Duración: 3 h y 22 m
How to Talk to Anyone,Leil Lowndes,Duración: 8 h y 59 m
Greenlights,Matthew McConaughey,Duración: 6 h y 42 m
The Anxious Generation,Jonathan Haidt,Duración: 10 h y 32 m
Dragon Warrior,KrazeKode,Duración: 10 h y 39 m
The Two Towers,J. R. R. Tolkien,Duración: 20 h y 46 m
Under the Breaking Sky: The Complete Apocalyptic Horror Series,Nick Clausen,Duración: 59 h y 36 m
They Dream in Gold,Mai Sennaar,Duración: 11 h y 42 m
The Power of Your Dreams,"Stephanie Ike Okafor,Touré Roberts",Duración: 7 h
Thrive as a Highly Sensitive Person,Sara Martinez,Duración: 4 h y 7 m
"The Word of Promise Audio Bible—New King James Version, NKJV: Complete Bible",Thomas Nelson Inc.,Duración: 98 h y 1 m
Just for the Summer,Abby Jimenez,Duración: 11 h y 43 m
Resistance Above Magic: A LitRPG Adventure,"B.T. Narro,Beatrix Grinn",Duración: 12 h
Lovely Bad Things,Trisha Wolfe,Duración: 7 h y 17 m
Shadow of Doubt,Brad Thor,Duración: 11 h y 40 m
The Fiance Dilemma,Elena Armas,Duración: 12 h y 20 m
Forgiving What You Can't Forget,Lysa TerKeurst,Duración: 8 h y 20 m
The Three-Body Problem,Cixin Liu,Duración: 13 h y 26 m
Falling for Her Bodyguard,Emily Hayes,Duración: 2 h y 50 m
Atomic Habits,James Clear,Duración: 5 h y 35 m
Supercommunicators,Charles Duhigg,Duración: 7 h y 28 m
A Court of Mist and Fury (Part 2 of 2) (Dramatized Adaptation),Sarah J. Maas,Duración: 8 h y 23 m
Swan Song,Elin Hilderbrand,Duración: 13 h y 39 m
Demon Copperhead,Barbara Kingsolver,Duración: 21 h y 3 m
Never Split the Difference,Chris Voss,Duración: 8 h y 7 m
Harry Potter and the Order of the Phoenix (Narrated by Stephen Fry),J.K. Rowling,Duración: 29 h y 1 m
Dune,Frank Herbert,Duración: 21 h y 2 m
Nine Tailed,Jayci Lee,Duración: 11 h y 32 m
Golden Son,Pierce Brown,Duración: 19 h y 3 m
The Forbidden,Sawyer Bennett,Duración: 7 h y 41 m
The Nightingale,Kristin Hannah,Duración: 17 h y 19 m
Can't Hurt Me,David Goggins,Duración: 13 h y 37 m
Not What She Seems,Yasmin Angoe,Duración: 15 h y 57 m
12 Rules for Life,"Jordan B. Peterson,Norman Doidge MD",Duración: 15 h y 40 m
Hodeskalle [Skull],Ann Rodd,Duración: 21 h y 7 m
Ask Not,Maureen Callahan,Duración: 11 h y 18 m
The Love in Duet Collection,Lauren Blakely,Duración: 32 h y 45 m
The Black Bird Oracle,Deborah Harkness,Duración: 17 h y 3 m
Mad Love,Willow Aster,Duración: 7 h y 53 m
The Silencer Series Box Set Books 1-4,Mike Ryan,Duración: 20 h y 25 m
The Moonstone Brooch,Katherine Lowry Logan,Duración: 26 h y 47 m
Summer Romance,Annabel Monaghan,Duración: 8 h y 27 m
Children of Dune,Frank Herbert,Duración: 16 h y 51 m
We Hunt Monsters 8,Aaron Oster,Duración: 13 h y 22 m
An Unfinished Love Story,Doris Kearns Goodwin,Duración: 17 h y 38 m
The Kingdom of Quail,Harris Strickland,Duración: 9 h y 34 m
The Coldest Case: The Past Has a Long Memory,"James Patterson,Aaron Tracy,Ryan Silbert",Duración: 3 h y 41 m
Heal Thyself for Health and Longevity,Queen Afua,Duración: 8 h y 17 m
Lovely Violent Things,Trisha Wolfe,Duración: 8 h y 2 m
Fairy Tale,Stephen King,Duración: 24 h y 6 m
The Inmate,Freida McFadden,Duración: 8 h y 5 m
The Stand,Stephen King,Duración: 47 h y 47 m
El rock nos hará libres [Rock Will Set Us Free],"Alejandro Llantada Toscano,Rebecca Melgar",Duración: 2 h y 45 m
The Reckoning,"Caroline Peckham,Susanne Valenti",Duración: 17 h y 40 m
The Subtle Art of Not Giving a F*ck,Mark Manson,Duración: 5 h y 17 m
Confessions of the Heart,A.L. Jackson,Duración: 33 h y 55 m
He Who Fights with Monsters 5,"Shirtaloon,Travis Deverell",Duración: 20 h y 5 m
The Wise Man's Fear,Patrick Rothfuss,Duración: 42 h y 55 m
Unfu*k Yourself,Gary John Bishop,Duración: 3 h y 24 m
The Women,Kristin Hannah,Duración: 14 h y 57 m
Hello Beautiful,Ann Napolitano,Duración: 15 h y 6 m
Brutally His,"Zoe Blake,Alta Hensley",Duración: 10 h y 8 m
Elon Musk,Walter Isaacson,Duración: 20 h y 39 m
Wildest Dreams,Kristen Proby,Duración: 9 h y 13 m
Primal Pursuit,Bella J,Duración: 12 h y 29 m
Simple Marketing for Smart People,"Billy Broas,Tiago Forte,Ali Abdaal",Duración: 3 h y 51 m
Hábitos atómicos (Español neutro),James Clear,Duración: 9 h y 1 m
La no tan ordinaria vida de Tabatha [The Not So Ordinary Life of Tabatha],Martha Lila Álvarez,Duración: 6 h y 6 m
Part of Your World,Abby Jimenez,Duración: 10 h y 5 m
The Cliffs: Reese's Book Club,J. Courtney Sullivan,Duración: 15 h y 25 m
On the Defensive,Kerry J. Donovan,Duración: 9 h y 45 m
"Chrysalis, Books 1-3",RinoZ,Duración: 54 h y 41 m
The Power of Now,Eckhart Tolle,Duración: 7 h y 37 m
Emperor's End,Kyle Kirrin,Duración: 16 h y 18 m
The Four Agreements,don Miguel Ruiz,Duración: 2 h y 31 m
The Legend of Randidly Ghosthound 7,"Noret Flood,puddles4263",Duración: 27 h y 53 m
It Didn't Start with You,Mark Wolynn,Duración: 8 h y 16 m
North of Denton,C.J. Petit,Duración: 9 h y 20 m
Learning to Love Yourself,Gay Hendricks PhD,Duración: 3 h y 23 m
Suiting Up,Lykanthropy,Duración: 14 h y 19 m
A Discovery of Witches,Deborah Harkness,Duración: 23 h y 59 m
Twisted Love,Ana Huang,Duración: 10 h y 41 m
Defiler's Curse,HDA Roberts,Duración: 20 h y 38 m
Cut to the Chase,Jasmine Webb,Duración: 6 h y 2 m
A Death in Cornwall,Daniel Silva,Duración: 9 h y 24 m
Savor Taipei,Skyline Explorer,Duración: 1 h y 20 m
The Return of the King,J. R. R. Tolkien,Duración: 21 h y 52 m
Meditations,Marcus Aurelius,Duración: 3 h y 51 m
The Ballad of Smallhope and Pennyroyal,Jodi Taylor,Duración: 10 h
The Terminal List,Jack Carr,Duración: 12 h y 3 m
Nuclear War,Annie Jacobsen,Duración: 11 h y 19 m
The Sovranos Box Set,L. Steele,Duración: 95 h y 12 m
Iron Flame (Part 1 of 2) (Dramatized Adaptation),Rebecca Yarros,Duración: 11 h y 38 m
A Dance with Dragons,George R.R. Martin,Duración: 48 h y 55 m
"Friends, Lovers, and the Big Terrible Thing",Matthew Perry,Duración: 8 h y 49 m
Harry Potter and the Goblet of Fire (Narrated by Stephen Fry),J.K. Rowling,Duración: 20 h y 54 m
The Housemaid's Secret,Freida McFadden,Duración: 9 h y 44 m
The Demon of Unrest,Erik Larson,Duración: 17 h y 18 m
A Court of Frost and Starlight (Dramatized Adaptation),Sarah J. Maas,Duración: 5 h y 33 m
Heaven's River,Dennis E. Taylor,Duración: 16 h y 57 m
"Nature's Symphony of Soothing Sounds of Oceans, Rivers, & Rain for Relaxation & Sleep",Cedar Skye,Duración: 8 h y 50 m
Funny Story,Emily Henry,Duración: 11 h y 23 m
Tsalmoth,Steven Brust,Duración: 9 h y 49 m
Think and Grow Rich,Napoleon Hill,Duración: 10 h y 1 m
By the Sword: A World Conquest Isekai,J. V. Simms,Duración: 15 h y 35 m
A Court of Mist and Fury (Part 1 of 2) (Dramatized Adaptation),Sarah J. Maas,Duración: 8 h y 26 m
The Five Love Languages: The Secret to Love That Lasts,Gary Chapman,Duración: 4 h y 46 m
Knot Her Goal,Ari Wright,Duración: 12 h y 1 m
Dr. Aster,Raylin Marks,Duración: 16 h y 15 m
Iron Flame,Rebecca Yarros,Duración: 28 h y 16 m
Feral Outbreak: Oblivion,Sean Liscom,Duración: 10 h y 7 m
Remarkably Bright Creatures,Shelby Van Pelt,Duración: 11 h y 16 m
Inner Child Healing for Insecure Hearts,Krista Cantell,Duración: 4 h y 6 m
Hard to Kill,"James Patterson,Mike Lupica",Duración: 8 h y 55 m
Project Hail Mary,Andy Weir,Duración: 16 h y 10 m
Managing the Professional Service Firm,David H. Maister,Duración: 13 h y 27 m
Restless Stars,"Caroline Peckham,Susanne Valenti",Duración: 34 h y 26 m
True Believer,Jack Carr,Duración: 15 h y 44 m
The Undomestic Goddess,Sophie Kinsella,Duración: 11 h y 49 m
The Search,Nora Roberts,Duración: 14 h y 54 m
Harry Potter and the Prisoner of Azkaban (Narrated by Stephen Fry),J.K. Rowling,Duración: 12 h y 3 m
The Heaven & Earth Grocery Store,James McBride,Duración: 12 h y 21 m
Twisted Lies,Ana Huang,Duración: 16 h y 23 m
Ready Player One,Ernest Cline,Duración: 15 h y 40 m
Never Finished,David Goggins,Duración: 11 h y 6 m
The Echo on the Water,JA Huss,Duración: 9 h y 22 m
Progressively Worse,Joe Concha,Duración: 8 h y 2 m
The Book of Enoch,Enoch,Duración: 4 h y 27 m
Tom Lake,Ann Patchett,Duración: 11 h y 22 m
Torrent Witches Cozy Mysteries Complete Box Set: Books 1-10,Tess Lake,Duración: 65 h y 31 m
Savage Son,Jack Carr,Duración: 12 h y 56 m
A Feast for Crows,George R.R. Martin,Duración: 33 h y 51 m
Nexus,Yuval Noah Harari,Duración: Aún no se conoce
The Assassin's Blade,Sarah J. Maas,Duración: 12 h y 52 m
How to Win Friends & Influence People,Dale Carnegie,Duración: 7 h y 15 m
Paranormal Activity,Paramount Pictures,Duración: 4 h y 43 m
Unintended Cultivator: Volume 3,Eric Dontigney,Duración: 13 h y 47 m
Fae and Fare,pirateaba,Duración: 61 h y 4 m
Milton Friedman on Economics,"Milton Friedman,Gary S. Becker -afterword by",Duración: 7 h y 26 m
The Most,Jessica Anthony,Duración: 3 h y 37 m
Ember,"Brian Andrews,Jeffrey Wilson",Duración: 13 h y 57 m
Wrath of Iron,Chris Wraight,Duración: 12 h y 29 m
Red Tithe,Robbie MacNiven,Duración: 9 h y 48 m
Becoming the Godking,Andrew Karevik,Duración: 12 h y 16 m
Spare,Prince Harry The Duke of Sussex,Duración: 15 h y 39 m
Never Have I Ever,Joshilyn Jackson,Duración: 13 h y 22 m
The Pucking Coach's Daughter,S. Massery,Duración: 15 h y 19 m
Extreme Ownership,"Jocko Willink,Leif Babin",Duración: 9 h y 33 m
He Who Fights with Monsters 10,"Shirtaloon,Travis Deverell",Duración: 25 h y 18 m
Primal Mirror,Nalini Singh,Duración: 12 h y 42 m
Freed,E. L. James,Duración: 27 h y 15 m
Rich Dad Poor Dad: 20th Anniversary Edition,Robert T. Kiyosaki,Duración: 8 h y 22 m
The Seven Husbands of Evelyn Hugo,Taylor Jenkins Reid,Duración: 12 h y 10 m
Breaking Hailey,I. A. Dice,Duración: 12 h y 55 m
Burning the Midnight Oil,Ashley James,Duración: 9 h y 42 m
Mind over Markets (Updated Edition),"James F. Dalton,Eric T. Jones,Robert B. Dalton",Duración: 8 h y 41 m
Murder at an English Séance,Jessica Ellicott,Duración: 9 h y 30 m
Leather & Lark,Brynne Weaver,Duración: 12 h y 15 m
Bad River,Marc Cameron,Duración: 12 h y 54 m
A Trial of Innocents,Michael Swiger,Duración: 7 h y 6 m
Prince of Agony,Tavia Lark,Duración: 8 h y 12 m
"Low Love, Low Fidelity",Love Belvin,Duración: 12 h y 30 m
Reign of a Billionaire,Eva Winners,Duración: 12 h y 5 m
Defiance of the Fall 13,"TheFirstDefier,JF Brink",Duración: 24 h y 35 m
Kraken Mage,Robin Hutson,Duración: 10 h y 41 m
Fourth Wing,Rebecca Yarros,Duración: 21 h y 22 m
The Last Ship,Nicholas Sansbury Smith,Duración: 12 h y 41 m
The Dream Dancers: Akashic Chronicles,Steven P Aitchison,Duración: 3 h y 40 m
He Who Fights with Monsters 4,"Shirtaloon,Travis Deverell",Duración: 22 h y 20 m
Penetration,Ingo Swann,Duración: 6 h y 22 m
Secrets of a Billionaire,Eva Winners,Duración: 10 h y 58 m
The Crown of Gilded Bones,Jennifer L. Armentrout,Duración: 25 h y 22 m
The Devil's Hand,Jack Carr,Duración: 14 h y 37 m
Carl's Doomsday Scenario,Matt Dinniman,Duración: 11 h y 28 m
Just My Luck,Lena Hendrix,Duración: 8 h y 29 m
Do Hard Things,Steve Magness,Duración: 8 h y 53 m
The Widow's Guide to Dead Bastards,Jessica Waite,Duración: 10 h y 58 m
I'm Glad My Mom Died,Jennette McCurdy,Duración: 6 h y 26 m
The Hunger Games: Special Edition,Suzanne Collins,Duración: 10 h y 35 m
The Serpent and the Wings of Night,Carissa Broadbent,Duración: 15 h y 4 m
Fourth Wing (Part 2 of 2) (Dramatized Adaptation),Rebecca Yarros,Duración: 9 h y 22 m
Curvy Girl Summer,Danielle Allen,Duración: 12 h y 23 m
Apples Dipped in Gold,Scarlett St. Clair,Duración: 5 h y 49 m
The Butcher's Masquerade,Matt Dinniman,Duración: 23 h y 33 m
The Value of Others,Orion Taraban,Duración: 12 h y 38 m
C. S. Lewis Essential Audio Library,C. S. Lewis,Duración: 38 h y 50 m
17 Years Later,J.P. Pomare,Duración: 10 h y 59 m
The Book of Elsewhere,"Keanu Reeves,China Miéville",Duración: 12 h y 1 m
Winning the War in Your Mind,Craig Groeschel,Duración: 4 h y 59 m
House of Flame and Shadow,Sarah J. Maas,Duración: 29 h y 42 m
"Tomorrow, and Tomorrow, and Tomorrow",Gabrielle Zevin,Duración: 13 h y 52 m
The Crown of Gilded Bones,Jennifer L. Armentrout,Duración: 25 h y 22 m
The Devil's Hand,Jack Carr,Duración: 14 h y 37 m
Carl's Doomsday Scenario,Matt Dinniman,Duración: 11 h y 28 m
Just My Luck,Lena Hendrix,Duración: 8 h y 29 m
Do Hard Things,Steve Magness,Duración: 8 h y 53 m
The Widow's Guide to Dead Bastards,Jessica Waite,Duración: 10 h y 58 m
I'm Glad My Mom Died,Jennette McCurdy,Duración: 6 h y 26 m
The Hunger Games: Special Edition,Suzanne Collins,Duración: 10 h y 35 m
The Serpent and the Wings of Night,Carissa Broadbent,Duración: 15 h y 4 m
Fourth Wing (Part 2 of 2) (Dramatized Adaptation),Rebecca Yarros,Duración: 9 h y 22 m
Curvy Girl Summer,Danielle Allen,Duración: 12 h y 23 m
Apples Dipped in Gold,Scarlett St. Clair,Duración: 5 h y 49 m
The Butcher's Masquerade,Matt Dinniman,Duración: 23 h y 33 m
The Value of Others,Orion Taraban,Duración: 12 h y 38 m
C. S. Lewis Essential Audio Library,C. S. Lewis,Duración: 38 h y 50 m
17 Years Later,J.P. Pomare,Duración: 10 h y 59 m
The Book of Elsewhere,"Keanu Reeves,China Miéville",Duración: 12 h y 1 m
Winning the War in Your Mind,Craig Groeschel,Duración: 4 h y 59 m
House of Flame and Shadow,Sarah J. Maas,Duración: 29 h y 42 m
"Tomorrow, and Tomorrow, and Tomorrow",Gabrielle Zevin,Duración: 13 h y 52 m
